所属模块,用例标题,前置条件,步骤,预期,优先级,用例类型,适用阶段
/学员管理(#13),验证【学员管理】页面布局是否与原型图一致,"1.系统、浏览器运行正常
2.使用管理员账号成功登录woniuboss4.0
3.解密
4.点击进入【学员管理】模块

",1. 查看界面布局是否与原型图一致,1.班务管理模块界面布局与原型图一致,3,功能测试,系统测试阶段
/学员管理(#13),验证只选择【班级】，其他默认的查询，是否会显示正确信息,"1.系统、浏览器运行正常
2.使用管理员账号成功登录woniuboss4.0
3.解密
4.点击进入【学员管理】模块

","1.选择【学员信息】子模块
2.选择【班级】，其他默认","1.显示全部学员信息
2.显示选择的班级的学员信息",3,功能测试,系统测试阶段
/学员管理(#13),验证只选择【方向】，其他默认的查询，是否会显示正确信息,"1.系统、浏览器运行正常
2.使用管理员账号成功登录woniuboss4.0
3.解密
4.点击进入【学员管理】模块

","1.选择【学员信息】子模块
2.选择【方向】，其他默认","1.显示全部学员信息
2.显示选择的方向的学员信息",3,功能测试,系统测试阶段
/学员管理(#13),验证只选择【状态】，其他默认的查询，是否会显示正确信息,"1.系统、浏览器运行正常
2.使用管理员账号成功登录woniuboss4.0
3.解密
4.点击进入【学员管理】模块

","1.选择【学员信息】子模块
2.选择【状态】，其他默认","1.显示全部学员信息
2.显示选择的最新状态的学员信息",3,功能测试,系统测试阶段
/学员管理(#13),验证选择【班级】、【方向】、【最新状态】，其他默认的查询，是否会显示正确信息,"1.系统、浏览器运行正常
2.使用管理员账号成功登录woniuboss4.0
3.解密
4.点击进入【学员管理】模块

","1.选择【学员信息】子模块
2.选择【班级】、【方向】、【最新状态】组合选择，其他默认","1.显示全部学员信息
2.显示选择的最新状态的学员信息",3,功能测试,系统测试阶段
/学员管理(#13),验证搜索输入框输入正确的参数，其他默认的查询，是否会显示正确信息,"1.系统、浏览器运行正常
2.使用管理员账号成功登录woniuboss4.0
3.解密
4.点击进入【学员管理】模块

","1.选择【学员信息】子模块
2.在【姓名】一栏输入合法值：冷佩，其他默认
3.点击【搜索】","1.显示全部学员信息
2.显示“唐一”的学员信息",3,功能测试,系统测试阶段
/学员管理(#13),验证搜索输入框输入不合法的参数，其他默认的查询，是否会显示正确信息,"1.系统、浏览器运行正常
2.使用管理员账号成功登录woniuboss4.0
3.解密
4.点击进入【学员管理】模块

","1.选择【学员信息】子模块
2.在【姓名】一栏输入非法值：不存在的名字；12345；！#！￥；超出长度的名字，其他默认
3.点击【搜索】","1.显示全部学员信息
2.显示“无符合条件的记录”",3,功能测试,系统测试阶段
/学员管理(#13),验证【查看】按钮是否可用,"1.系统、浏览器运行正常
2.使用管理员账号成功登录woniuboss4.0
3.解密
4.点击进入【学员管理】模块

","1.选择【学员信息】子模块
2.所有参数输入正确点击【搜索】
3.在下方学员信息列表点击任意一条信息后的【查看】按钮",1.弹出‘查看学员基本信息’窗口,3,功能测试,系统测试阶段
/学员管理(#13),验证【二维码】按钮是否可用,"1.系统、浏览器运行正常
2.使用管理员账号成功登录woniuboss4.0
3.解密
4.点击进入【学员管理】模块

","1.选择【学员信息】子模块
2.所有参数输入正确点击【搜索】
3.在下方学员信息列表点击任意一条信息后的【二维码】按钮",1.弹出‘二维码查看’窗口,3,功能测试,系统测试阶段
/学员管理(#13),验证【修改】按钮是否可用,"1.系统、浏览器运行正常
2.使用管理员账号成功登录woniuboss4.0
3.解密
4.点击进入【学员管理】模块

","1.选择【学员信息】子模块
2.所有参数输入正确点击【搜索】
3.在下方学员信息列表点击任意一条信息后的【修改】按钮",1.弹出‘修改学员基本信息’窗口,3,功能测试,系统测试阶段
/学员管理(#13),验证修改学员基本信息所有参数正确，是否修改成功,"1.系统、浏览器运行正常
2.使用管理员账号成功登录woniuboss4.0
3.解密
4.点击进入【学员管理】模块

","1.选择【学员信息】子模块
2.所有参数输入正确点击【搜索】
3.在下方学员信息列表点击任意一条信息后的【修改】按钮
4.所有参数输入正确，点击【保存】",1.修改成功，弹出【操作成功】弹窗,3,功能测试,系统测试阶段
/学员管理(#13),验证姓名输入框输入特殊字符，其他参数正确，修改学员信息是否正确,"1.系统、浏览器运行正常
2.使用管理员账号成功登录woniuboss4.0
3.解密
4.点击进入【学员管理】模块

","1.选择【学员信息】子模块
2.所有参数输入正确点击【搜索】
3.在下方学员信息列表点击任意一条信息后的【修改】按钮
4.姓名输入框输入‘冷@#￥’，其他参数正确，点击【保存】按钮",1.提示‘姓名’输入不合法相关提示信息,3,功能测试,系统测试阶段
/学员管理(#13),验证姓名输入框输入为空，其他参数正确，修改学员信息是否正确,"1.系统、浏览器运行正常
2.使用管理员账号成功登录woniuboss4.0
3.解密
4.点击进入【学员管理】模块

","1.选择【学员信息】子模块
2.所有参数输入正确点击【搜索】
3.在下方学员信息列表点击任意一条信息后的【修改】按钮
4.姓名输入框不输入，其他参数正确，点击【保存】按钮",1.提示‘姓名’不能为空相关提示信息,3,功能测试,系统测试阶段
/学员管理(#13),验证姓名输入框输入含空格，其他参数正确，修改学员信息是否正确,"1.系统、浏览器运行正常
2.使用管理员账号成功登录woniuboss4.0
3.解密
4.点击进入【学员管理】模块

","1.选择【学员信息】子模块
2.所有参数输入正确点击【搜索】
3.在下方学员信息列表点击任意一条信息后的【修改】按钮
4.姓名输入框输入‘冷 佩’，其他参数正确，点击【保存】按钮",1.提示‘姓名’输入不合法相关提示信息,3,功能测试,系统测试阶段
/学员管理(#13),验证电话号码输入框输入超长字符，其他参数正确，修改学员信息是否正确,"1.系统、浏览器运行正常
2.使用管理员账号成功登录woniuboss4.0
3.解密
4.点击进入【学员管理】模块

","1.选择【学员信息】子模块
2.所有参数输入正确点击【搜索】
3.在下方学员信息列表点击任意一条信息后的【修改】按钮
4.电话号码输入框输入‘132793310051’，其他参数正确，点击【保存】按钮",1.无法输入超长字符,3,功能测试,系统测试阶段
/学员管理(#13),验证电话号码输入框输入超短字符，其他参数正确，修改学员信息是否正确,"1.系统、浏览器运行正常
2.使用管理员账号成功登录woniuboss4.0
3.解密
4.点击进入【学员管理】模块

","1.选择【学员信息】子模块
2.所有参数输入正确点击【搜索】
3.在下方学员信息列表点击任意一条信息后的【修改】按钮
4.电话号码输入框输入‘1327933100’，其他参数正确，点击【保存】按钮",1.提示‘电话号码’输入不合法相关提示信息,3,功能测试,系统测试阶段
/学员管理(#13),验证电话号码输入框输入特殊字符，其他参数正确，修改学员信息是否正确,"1.系统、浏览器运行正常
2.使用管理员账号成功登录woniuboss4.0
3.解密
4.点击进入【学员管理】模块

","1.选择【学员信息】子模块
2.所有参数输入正确点击【搜索】
3.在下方学员信息列表点击任意一条信息后的【修改】按钮
4.电话号码输入框输入‘13279331@#￥’，其他参数正确，点击【保存】按钮",1.提示‘电话号码’输入不合法相关提示信息,3,功能测试,系统测试阶段
/学员管理(#13),验证电话号码输入框输入为空，其他参数正确，修改学员信息是否正确,"1.系统、浏览器运行正常
2.使用管理员账号成功登录woniuboss4.0
3.解密
4.点击进入【学员管理】模块

","1.选择【学员信息】子模块
2.所有参数输入正确点击【搜索】
3.在下方学员信息列表点击任意一条信息后的【修改】按钮
4.电话号码输入框不输入，其他参数正确，点击【保存】按钮",1.提示‘电话号码’不能为空相关提示信息,3,功能测试,系统测试阶段
/学员管理(#13),验证电话号码输入框输入含空格，其他参数正确，修改学员信息是否正确,"1.系统、浏览器运行正常
2.使用管理员账号成功登录woniuboss4.0
3.解密
4.点击进入【学员管理】模块

","1.选择【学员信息】子模块
2.所有参数输入正确点击【搜索】
3.在下方学员信息列表点击任意一条信息后的【修改】按钮
4.电话号码输入框输入‘132793310 5’，其他参数正确，点击【保存】按钮",1.提示‘电话号码’输入不合法相关提示信息,3,功能测试,系统测试阶段
/学员管理(#13),验证QQ输入框输入超长字符，其他参数正确，修改学员信息是否正确,"1.系统、浏览器运行正常
2.使用管理员账号成功登录woniuboss4.0
3.解密
4.点击进入【学员管理】模块

","1.选择【学员信息】子模块
2.所有参数输入正确点击【搜索】
3.在下方学员信息列表点击任意一条信息后的【修改】按钮
4.QQ输入框输入‘12345678901234’，其他参数正确，点击【保存】按钮",1.提示‘QQ’输入不合法相关提示信息,3,功能测试,系统测试阶段
/学员管理(#13),验证QQ输入框输入超短字符，其他参数正确，修改学员信息是否正确,"1.系统、浏览器运行正常
2.使用管理员账号成功登录woniuboss4.0
3.解密
4.点击进入【学员管理】模块

","1.选择【学员信息】子模块
2.所有参数输入正确点击【搜索】
3.在下方学员信息列表点击任意一条信息后的【修改】按钮
4.QQ输入框输入‘12345’，其他参数正确，点击【保存】按钮",1.提示‘QQ’输入不合法相关提示信息,3,功能测试,系统测试阶段
/学员管理(#13),验证QQ输入框输入特殊字符，其他参数正确，修改学员信息是否正确,"1.系统、浏览器运行正常
2.使用管理员账号成功登录woniuboss4.0
3.解密
4.点击进入【学员管理】模块

","1.选择【学员信息】子模块
2.所有参数输入正确点击【搜索】
3.在下方学员信息列表点击任意一条信息后的【修改】按钮
4.QQ输入框输入‘1234567@#￥’，其他参数正确，点击【保存】按钮",1.提示‘QQ’输入不合法相关提示信息,3,功能测试,系统测试阶段
/学员管理(#13),验证QQ输入框输入为空，其他参数正确，修改学员信息是否正确,"1.系统、浏览器运行正常
2.使用管理员账号成功登录woniuboss4.0
3.解密
4.点击进入【学员管理】模块

","1.选择【学员信息】子模块
2.所有参数输入正确点击【搜索】
3.在下方学员信息列表点击任意一条信息后的【修改】按钮
4.QQ输入框不输入，其他参数正确，点击【保存】按钮",1.修改成功，弹出【操作成功】弹窗,3,功能测试,系统测试阶段
/学员管理(#13),验证QQ输入框输入含空格，其他参数正确，修改学员信息是否正确,"1.系统、浏览器运行正常
2.使用管理员账号成功登录woniuboss4.0
3.解密
4.点击进入【学员管理】模块

","1.选择【学员信息】子模块
2.所有参数输入正确点击【搜索】
3.在下方学员信息列表点击任意一条信息后的【修改】按钮
4.QQ输入框输入‘123456 789’，其他参数正确，点击【保存】按钮",1.提示‘QQ’输入不合法相关提示信息,3,功能测试,系统测试阶段
/学员管理(#13),验证联系人输入框输入特殊字符，其他参数正确，修改学员信息是否正确,"1.系统、浏览器运行正常
2.使用管理员账号成功登录woniuboss4.0
3.解密
4.点击进入【学员管理】模块

","1.选择【学员信息】子模块
2.所有参数输入正确点击【搜索】
3.在下方学员信息列表点击任意一条信息后的【修改】按钮
4.联系人输入框输入‘冷@#￥’，其他参数正确，点击【保存】按钮",1.提示‘联系人’输入不合法相关提示信息,3,功能测试,系统测试阶段
/学员管理(#13),验证联系人输入框输入为空，其他参数正确，修改学员信息是否正确,"1.系统、浏览器运行正常
2.使用管理员账号成功登录woniuboss4.0
3.解密
4.点击进入【学员管理】模块

","1.选择【学员信息】子模块
2.所有参数输入正确点击【搜索】
3.在下方学员信息列表点击任意一条信息后的【修改】按钮
4.联系人输入框不输入，其他参数正确，点击【保存】按钮",1.修改成功，弹出【操作成功】弹窗,3,功能测试,系统测试阶段
/学员管理(#13),验证联系人输入框输入含空格，其他参数正确，修改学员信息是否正确,"1.系统、浏览器运行正常
2.使用管理员账号成功登录woniuboss4.0
3.解密
4.点击进入【学员管理】模块

","1.选择【学员信息】子模块
2.所有参数输入正确点击【搜索】
3.在下方学员信息列表点击任意一条信息后的【修改】按钮
4.联系人输入框输入‘冷 佩’，其他参数正确，点击【保存】按钮",1.提示‘联系人’输入不合法相关提示信息,3,功能测试,系统测试阶段
/学员管理(#13),验证紧急电话输入框输入超长字符，其他参数正确，修改学员信息是否正确,"1.系统、浏览器运行正常
2.使用管理员账号成功登录woniuboss4.0
3.解密
4.点击进入【学员管理】模块

","1.选择【学员信息】子模块
2.所有参数输入正确点击【搜索】
3.在下方学员信息列表点击任意一条信息后的【修改】按钮
4.紧急电话输入框输入‘132793310051’，其他参数正确，点击【保存】按钮",1.无法输入超长字符,3,功能测试,系统测试阶段
/学员管理(#13),验证紧急电话输入框输入超短字符，其他参数正确，修改学员信息是否正确,"1.系统、浏览器运行正常
2.使用管理员账号成功登录woniuboss4.0
3.解密
4.点击进入【学员管理】模块

","1.选择【学员信息】子模块
2.所有参数输入正确点击【搜索】
3.在下方学员信息列表点击任意一条信息后的【修改】按钮
4.紧急电话输入框输入‘1327933100’，其他参数正确，点击【保存】按钮",1.提示‘紧急电话’输入不合法相关提示信息,3,功能测试,系统测试阶段
/学员管理(#13),验证紧急电话输入框输入特殊字符，其他参数正确，修改学员信息是否正确,"1.系统、浏览器运行正常
2.使用管理员账号成功登录woniuboss4.0
3.解密
4.点击进入【学员管理】模块

","1.选择【学员信息】子模块
2.所有参数输入正确点击【搜索】
3.在下方学员信息列表点击任意一条信息后的【修改】按钮
4.紧急电话输入框输入‘13279331@#￥’，其他参数正确，点击【保存】按钮",1.提示‘紧急电话’输入不合法相关提示信息,3,功能测试,系统测试阶段
/学员管理(#13),验证紧急电话输入框输入为空，其他参数正确，修改学员信息是否正确,"1.系统、浏览器运行正常
2.使用管理员账号成功登录woniuboss4.0
3.解密
4.点击进入【学员管理】模块

","1.选择【学员信息】子模块
2.所有参数输入正确点击【搜索】
3.在下方学员信息列表点击任意一条信息后的【修改】按钮
4.紧急电话输入框不输入，其他参数正确，点击【保存】按钮",1.修改成功，弹出【操作成功】弹窗,3,功能测试,系统测试阶段
/学员管理(#13),验证紧急电话输入框输入含空格，其他参数正确，修改学员信息是否正确,"1.系统、浏览器运行正常
2.使用管理员账号成功登录woniuboss4.0
3.解密
4.点击进入【学员管理】模块

","1.选择【学员信息】子模块
2.所有参数输入正确点击【搜索】
3.在下方学员信息列表点击任意一条信息后的【修改】按钮
4.紧急电话输入框输入‘132793310 5’，其他参数正确，点击【保存】按钮",1.提示‘紧急电话’输入不合法相关提示信息,3,功能测试,系统测试阶段
/学员管理(#13),验证学校输入框输入特殊字符，其他参数正确，修改学员信息是否正确,"1.系统、浏览器运行正常
2.使用管理员账号成功登录woniuboss4.0
3.解密
4.点击进入【学员管理】模块

","1.选择【学员信息】子模块
2.所有参数输入正确点击【搜索】
3.在下方学员信息列表点击任意一条信息后的【修改】按钮
4.学校输入框输入‘西安科技#￥’，其他参数正确，点击【保存】按钮",1.提示‘学校’输入不合法相关提示信息,3,功能测试,系统测试阶段
/学员管理(#13),验证学校输入框输入为空，其他参数正确，修改学员信息是否正确,"1.系统、浏览器运行正常
2.使用管理员账号成功登录woniuboss4.0
3.解密
4.点击进入【学员管理】模块

","1.选择【学员信息】子模块
2.所有参数输入正确点击【搜索】
3.在下方学员信息列表点击任意一条信息后的【修改】按钮
4.学校输入框不输入，其他参数正确，点击【保存】按钮",1.修改成功，弹出【操作成功】弹窗,3,功能测试,系统测试阶段
/学员管理(#13),验证学校输入框输入含空格，其他参数正确，修改学员信息是否正确,"1.系统、浏览器运行正常
2.使用管理员账号成功登录woniuboss4.0
3.解密
4.点击进入【学员管理】模块

","1.选择【学员信息】子模块
2.所有参数输入正确点击【搜索】
3.在下方学员信息列表点击任意一条信息后的【修改】按钮
4.学校输入框输入‘西安 科技大学’，其他参数正确，点击【保存】按钮",1.提示‘学校’输入不合法相关提示信息,3,功能测试,系统测试阶段
/学员管理(#13),验证专业输入框输入特殊字符，其他参数正确，修改学员信息是否正确,"1.系统、浏览器运行正常
2.使用管理员账号成功登录woniuboss4.0
3.解密
4.点击进入【学员管理】模块

","1.选择【学员信息】子模块
2.所有参数输入正确点击【搜索】
3.在下方学员信息列表点击任意一条信息后的【修改】按钮
4.专业输入框输入‘财务#￥’，其他参数正确，点击【保存】按钮",1.提示‘专业’输入不合法相关提示信息,3,功能测试,系统测试阶段
/学员管理(#13),验证专业输入框输入为空，其他参数正确，修改学员信息是否正确,"1.系统、浏览器运行正常
2.使用管理员账号成功登录woniuboss4.0
3.解密
4.点击进入【学员管理】模块

","1.选择【学员信息】子模块
2.所有参数输入正确点击【搜索】
3.在下方学员信息列表点击任意一条信息后的【修改】按钮
4.专业输入框不输入，其他参数正确，点击【保存】按钮",1.修改成功，弹出【操作成功】弹窗,3,功能测试,系统测试阶段
/学员管理(#13),验证专业输入框输入含空格，其他参数正确，修改学员信息是否正确,"1.系统、浏览器运行正常
2.使用管理员账号成功登录woniuboss4.0
3.解密
4.点击进入【学员管理】模块

","1.选择【学员信息】子模块
2.所有参数输入正确点击【搜索】
3.在下方学员信息列表点击任意一条信息后的【修改】按钮
4.专业输入框输入‘西安 科技大学’，其他参数正确，点击【保存】按钮",1.提示‘学校’输入不合法相关提示信息,3,功能测试,系统测试阶段
/学员管理(#13),验证身份证号输入框输入超长字符，其他参数正确，修改学员信息是否正确,"1.系统、浏览器运行正常
2.使用管理员账号成功登录woniuboss4.0
3.解密
4.点击进入【学员管理】模块

","1.选择【学员信息】子模块
2.所有参数输入正确点击【搜索】
3.在下方学员信息列表点击任意一条信息后的【修改】按钮
4.身份证号输入框输入‘6102211995121303251’，其他参数正确，点击【保存】按钮",1.无法输入超长字符,3,功能测试,系统测试阶段
/学员管理(#13),验证身份证号输入框输入超短字符，其他参数正确，修改学员信息是否正确,"1.系统、浏览器运行正常
2.使用管理员账号成功登录woniuboss4.0
3.解密
4.点击进入【学员管理】模块

","1.选择【学员信息】子模块
2.所有参数输入正确点击【搜索】
3.在下方学员信息列表点击任意一条信息后的【修改】按钮
4.身份证号输入框输入‘61022119951213032’，其他参数正确，点击【保存】按钮",1.提示‘身份证号’输入不合法相关提示信息,3,功能测试,系统测试阶段
/学员管理(#13),验证身份证号输入框输入特殊字符，其他参数正确，修改学员信息是否正确,"1.系统、浏览器运行正常
2.使用管理员账号成功登录woniuboss4.0
3.解密
4.点击进入【学员管理】模块

","1.选择【学员信息】子模块
2.所有参数输入正确点击【搜索】
3.在下方学员信息列表点击任意一条信息后的【修改】按钮
4.身份证号输入框输入‘61022119951213032@’，其他参数正确，点击【保存】按钮",1.提示‘身份证号’输入不合法相关提示信息,3,功能测试,系统测试阶段
/学员管理(#13),验证身份证号输入框输入为空，其他参数正确，修改学员信息是否正确,"1.系统、浏览器运行正常
2.使用管理员账号成功登录woniuboss4.0
3.解密
4.点击进入【学员管理】模块

","1.选择【学员信息】子模块
2.所有参数输入正确点击【搜索】
3.在下方学员信息列表点击任意一条信息后的【修改】按钮
4.身份证号输入框不输入，其他参数正确，点击【保存】按钮",1.修改成功，弹出【操作成功】弹窗,3,功能测试,系统测试阶段
/学员管理(#13),验证身份证号输入框输入含空格，其他参数正确，修改学员信息是否正确,"1.系统、浏览器运行正常
2.使用管理员账号成功登录woniuboss4.0
3.解密
4.点击进入【学员管理】模块

","1.选择【学员信息】子模块
2.所有参数输入正确点击【搜索】
3.在下方学员信息列表点击任意一条信息后的【修改】按钮
4.身份证号输入框输入‘6102211995121303 5’，其他参数正确，点击【保存】按钮",1.提示‘身份证号’输入不合法相关提示信息,3,功能测试,系统测试阶段
/学员管理(#13),验证毕业时间可选择,"1.系统、浏览器运行正常
2.使用管理员账号成功登录woniuboss4.0
3.解密
4.点击进入【学员管理】模块

","1.选择【学员信息】子模块
2.所有参数输入正确点击【搜索】
3.在下方学员信息列表点击任意一条信息后的【修改】按钮
4.点击毕业时间输入框",1.弹出时间框,3,功能测试,系统测试阶段
/学员管理(#13),验证毕业时间输入框可键盘输入,"1.系统、浏览器运行正常
2.使用管理员账号成功登录woniuboss4.0
3.解密
4.点击进入【学员管理】模块

","1.选择【学员信息】子模块
2.所有参数输入正确点击【搜索】
3.在下方学员信息列表点击任意一条信息后的【修改】按钮
4.点击毕业时间输入框毕业时间输入框输入‘2020-05-06’",1.毕业时间可以键盘输入,3,功能测试,系统测试阶段
/学员管理(#13),验证毕业时间输入框输入特殊字符，其他参数正确，修改学员信息是否正确,"1.系统、浏览器运行正常
2.使用管理员账号成功登录woniuboss4.0
3.解密
4.点击进入【学员管理】模块

","1.选择【学员信息】子模块
2.所有参数输入正确点击【搜索】
3.在下方学员信息列表点击任意一条信息后的【修改】按钮
4.毕业时间输入框输入‘2020-@3-02’，其他参数正确，点击【保存】按钮",1.提示‘毕业时间’输入不合法相关提示信息,3,功能测试,系统测试阶段
/学员管理(#13),验证毕业时间输入框输入为空，其他参数正确，修改学员信息是否正确,"1.系统、浏览器运行正常
2.使用管理员账号成功登录woniuboss4.0
3.解密
4.点击进入【学员管理】模块

","1.选择【学员信息】子模块
2.所有参数输入正确点击【搜索】
3.在下方学员信息列表点击任意一条信息后的【修改】按钮
4.毕业时间输入框不输入，其他参数正确，点击【保存】按钮",1.修改成功，弹出【操作成功】弹窗,3,功能测试,系统测试阶段
/学员管理(#13),验证毕业时间输入框输入含空格，其他参数正确，修改学员信息是否正确,"1.系统、浏览器运行正常
2.使用管理员账号成功登录woniuboss4.0
3.解密
4.点击进入【学员管理】模块

","1.选择【学员信息】子模块
2.所有参数输入正确点击【搜索】
3.在下方学员信息列表点击任意一条信息后的【修改】按钮
4.毕业时间输入框输入‘132793310 5’，其他参数正确，点击【保存】按钮",1.提示‘毕业时间’输入不合法相关提示信息,3,功能测试,系统测试阶段
/学员管理(#13),验证年龄输入框输入特殊字符，其他参数正确，修改学员信息是否正确,"1.系统、浏览器运行正常
2.使用管理员账号成功登录woniuboss4.0
3.解密
4.点击进入【学员管理】模块

","1.选择【学员信息】子模块
2.所有参数输入正确点击【搜索】
3.在下方学员信息列表点击任意一条信息后的【修改】按钮
4.年龄输入框输入‘2#’，其他参数正确，点击【保存】按钮",1.提示‘年龄’输入不合法相关提示信息,3,功能测试,系统测试阶段
/学员管理(#13),验证年龄输入框输入为空，其他参数正确，修改学员信息是否正确,"1.系统、浏览器运行正常
2.使用管理员账号成功登录woniuboss4.0
3.解密
4.点击进入【学员管理】模块

","1.选择【学员信息】子模块
2.所有参数输入正确点击【搜索】
3.在下方学员信息列表点击任意一条信息后的【修改】按钮
4.年龄输入框不输入，其他参数正确，点击【保存】按钮",1.修改成功，弹出【操作成功】弹窗,3,功能测试,系统测试阶段
/学员管理(#13),验证年龄输入框输入含空格，其他参数正确，修改学员信息是否正确,"1.系统、浏览器运行正常
2.使用管理员账号成功登录woniuboss4.0
3.解密
4.点击进入【学员管理】模块

","1.选择【学员信息】子模块
2.所有参数输入正确点击【搜索】
3.在下方学员信息列表点击任意一条信息后的【修改】按钮
4.年龄输入框输入‘2 3’，其他参数正确，点击【保存】按钮",1.提示‘年龄’输入不合法相关提示信息,3,功能测试,系统测试阶段
/学员管理(#13),验证上传正确格式的文件，修改是否正确,"1.系统、浏览器运行正常
2.使用管理员账号成功登录woniuboss4.0
3.解密
4.点击进入【学员管理】模块

","1.选择【学员信息】子模块
2.所有参数输入正确点击【搜索】
3.在下方学员信息列表点击任意一条信息后的【修改】按钮
4.点击【浏览】，选择正确的照片格式",1.修改成功，弹出【操作成功】弹窗,3,功能测试,系统测试阶段
/学员管理(#13),验证上传不正确格式的文件，修改是否正确,"1.系统、浏览器运行正常
2.使用管理员账号成功登录woniuboss4.0
3.解密
4.点击进入【学员管理】模块

","1.选择【学员信息】子模块
2.所有参数输入正确点击【搜索】
3.在下方学员信息列表点击任意一条信息后的【修改】按钮
4.点击【浏览】，选择不正确的照片格式",1.修改失败,3,功能测试,系统测试阶段
/学员管理(#13),验证默认模式的查询，是否会显示正确信息,"1.系统、浏览器运行正常
2.使用管理员账号成功登录woniuboss4.0
3.解密
4.点击进入【学员管理】模块

","1.选择【周考成绩】子模块
2.所有参数默认点击【搜索】
",1.成绩列表显示相应的信息,3,功能测试,系统测试阶段
/学员管理(#13),验证只选择区域的查询，是否会显示正确信息,"1.系统、浏览器运行正常
2.使用管理员账号成功登录woniuboss4.0
3.解密
4.点击进入【学员管理】模块

","1.选择【周考成绩】子模块
2.区域选择‘成都’，其他参数默认，点击【搜索】
",1.成绩列表显示相应的信息,3,功能测试,系统测试阶段
/学员管理(#13),验证只选择班级的查询，是否会显示正确信息,"1.系统、浏览器运行正常
2.使用管理员账号成功登录woniuboss4.0
3.解密
4.点击进入【学员管理】模块

","1.选择【周考成绩】子模块
2.班级选择‘WNCDC001’，其他参数默认，点击【搜索】
",1.成绩列表显示相应的信息,3,功能测试,系统测试阶段
/学员管理(#13),验证搜索输入框输入正确的参数，其他默认的查询，是否会显示正确信息,"1.系统、浏览器运行正常
2.使用管理员账号成功登录woniuboss4.0
3.解密
4.点击进入【学员管理】模块

","1.选择【周考成绩】子模块
2.姓名输入框输入‘刘倩’，其他参数默认，点击【搜索】
",1.显示刘倩的成绩信息,3,功能测试,系统测试阶段
/学员管理(#13),验证搜索输入框输入不合法的参数，其他默认的查询，是否会显示正确信息,"1.系统、浏览器运行正常
2.使用管理员账号成功登录woniuboss4.0
3.解密
4.点击进入【学员管理】模块

","1.选择【周考成绩】子模块
2.姓名输入框输入‘刘倩@’，其他参数默认，点击【搜索】
",1.提示‘无符合条件的记录’,3,功能测试,系统测试阶段
/学员管理(#13),验证【查看模板】按钮是否可用,"1.系统、浏览器运行正常
2.使用管理员账号成功登录woniuboss4.0
3.解密
4.点击进入【学员管理】模块

","1.选择【周考成绩】子模块
2.点击【查看模板】
",1.打开模板图片网址页,3,功能测试,系统测试阶段
/学员管理(#13),验证【周考导入】按钮是否可用,"1.系统、浏览器运行正常
2.使用管理员账号成功登录woniuboss4.0
3.解密
4.点击进入【学员管理】模块

","1.选择【周考成绩】子模块
2.点击【周考导入】
",1.弹出‘上传周考文件’窗口,3,功能测试,系统测试阶段
/学员管理(#13),验证所有参数正确，选择格式正确的文件，周考导入是否正确,"1.系统、浏览器运行正常
2.使用管理员账号成功登录woniuboss4.0
3.解密
4.点击进入【学员管理】模块

","1.选择【周考成绩】子模块
2.点击【周考导入】
3.所有参数选择正确，点击【提交】
",1.导入成功，有‘上传成功’相关提示，并且成绩列表更新,3,功能测试,系统测试阶段
/学员管理(#13),验证所有参数正确，选择格式不正确的文件，周考导入是否正确,"1.系统、浏览器运行正常
2.使用管理员账号成功登录woniuboss4.0
3.解密
4.点击进入【学员管理】模块

","1.选择【周考成绩】子模块
2.点击【周考导入】
3.所有参数选择正确，选择格式不正确的文件，点击【提交】
",1.提示‘上传内容不正确’信息,3,功能测试,系统测试阶段
/学员管理(#13),验证【数据导出】按钮是否可用,"1.系统、浏览器运行正常
2.使用管理员账号成功登录woniuboss4.0
3.解密
4.点击进入【学员管理】模块

","1.选择【周考成绩】子模块
2.点击【数据导出】
",1.弹出保存文件窗口,3,功能测试,系统测试阶段
/学员管理(#13),验证【数据导出】是否可以保存文件,"1.系统、浏览器运行正常
2.使用管理员账号成功登录woniuboss4.0
3.解密
4.点击进入【学员管理】模块

","1.选择【周考成绩】子模块
2.点击【数据导出】
3.点击‘保存文件’按钮
",1.文件下载保存至本地,3,功能测试,系统测试阶段
/学员管理(#13),验证【数据导出】文件是否可以在线打开,"1.系统、浏览器运行正常
2.使用管理员账号成功登录woniuboss4.0
3.解密
4.点击进入【学员管理】模块

","1.选择【周考成绩】子模块
2.点击【数据导出】
3.点击‘打开’按钮
",1.可以在线打开文件,3,功能测试,系统测试阶段
/学员管理(#13),验证【录入】按钮是否可用,"1.系统、浏览器运行正常
2.使用管理员账号成功登录woniuboss4.0
3.解密
4.点击进入【学员管理】模块

","1.选择【周考成绩】子模块
2.点击【录入】
",1.弹出‘周考记录录入’窗口,3,功能测试,系统测试阶段
/学员管理(#13),验证所有参数正确，是否可以录入,"1.系统、浏览器运行正常
2.使用管理员账号成功登录woniuboss4.0
3.解密
4.点击进入【学员管理】模块

","1.选择【周考成绩】子模块
2.所有参数默认点击【搜索】
3.在信息列表随机选择一条信息，点击【录入】
4.所有参数填写正确点击【保存】
",1.录入成功，且该条信息更新记录,3,功能测试,系统测试阶段
/学员管理(#13),验证分数输入框输入特殊字符是否录入成功,"1.系统、浏览器运行正常
2.使用管理员账号成功登录woniuboss4.0
3.解密
4.点击进入【学员管理】模块

","1.选择【周考成绩】子模块
2.所有参数默认点击【搜索】
3.在信息列表随机选择一条信息，点击【录入】
4.分数输入框输入‘8@’，其他参数选择正确
",1.弹出‘录入失败’提示信息,3,功能测试,系统测试阶段
/学员管理(#13),验证分数输入框输入空格是否录入成功,"1.系统、浏览器运行正常
2.使用管理员账号成功登录woniuboss4.0
3.解密
4.点击进入【学员管理】模块

","1.选择【周考成绩】子模块
2.所有参数默认点击【搜索】
3.在信息列表随机选择一条信息，点击【录入】
4.分数输入框输入‘8 8’，其他参数选择正确
",1.弹出‘录入失败’提示信息,3,功能测试,系统测试阶段
/学员管理(#13),验证【查看模板】按钮是否可用,"1.系统、浏览器运行正常
2.使用管理员账号成功登录woniuboss4.0
3.解密
4.点击进入【学员管理】模块

","1.选择【阶段考评】子模块
2.点击【查看模板】
",1.打开模板图片网址页,3,功能测试,系统测试阶段
/学员管理(#13),验证【阶段导入】按钮是否可用,"1.系统、浏览器运行正常
2.使用管理员账号成功登录woniuboss4.0
3.解密
4.点击进入【学员管理】模块

","1.选择【阶段考评】子模块
2.点击【阶段导入】
",1.弹出‘上传阶段考文件’窗口,3,功能测试,系统测试阶段
/学员管理(#13),验证所有参数正确，选择格式正确的文件，阶段导入是否正确,"1.系统、浏览器运行正常
2.使用管理员账号成功登录woniuboss4.0
3.解密
4.点击进入【学员管理】模块

","1.选择【阶段考评】子模块
2.点击【阶段导入】
3.所有参数选择正确，点击【提交】
",1.导入成功，有‘上传成功’相关提示，并且成绩列表更新,3,功能测试,系统测试阶段
/学员管理(#13),验证所有参数正确，选择格式不正确的文件，阶段导入是否正确,"1.系统、浏览器运行正常
2.使用管理员账号成功登录woniuboss4.0
3.解密
4.点击进入【学员管理】模块

","1.选择【阶段考评】子模块
2.点击【阶段导入】
3.所有参数选择正确，选择格式不正确的文件，点击【提交】
",1.提示‘上传内容不正确’信息,3,功能测试,系统测试阶段
/学员管理(#13),验证【数据导出】按钮是否可用,"1.系统、浏览器运行正常
2.使用管理员账号成功登录woniuboss4.0
3.解密
4.点击进入【学员管理】模块

","1.选择【阶段考评】子模块
2.点击【数据导出】
",1.弹出保存文件窗口,3,功能测试,系统测试阶段
/学员管理(#13),验证【数据导出】是否可以保存文件,"1.系统、浏览器运行正常
2.使用管理员账号成功登录woniuboss4.0
3.解密
4.点击进入【学员管理】模块

","1.选择【阶段考评】子模块
2.点击【数据导出】
3.点击‘保存文件’按钮
",1.文件下载保存至本地,3,功能测试,系统测试阶段
/学员管理(#13),验证【数据导出】文件是否可以在线打开,"1.系统、浏览器运行正常
2.使用管理员账号成功登录woniuboss4.0
3.解密
4.点击进入【学员管理】模块

","1.选择【阶段考评】子模块
2.点击【数据导出】
3.点击‘打开’按钮
",1.可以在线打开文件,3,功能测试,系统测试阶段
/学员管理(#13),验证【录入】按钮是否可用,"1.系统、浏览器运行正常
2.使用管理员账号成功登录woniuboss4.0
3.解密
4.点击进入【学员管理】模块

","1.选择【阶段考评】子模块
2.点击【录入】
",1.弹出‘周考记录录入’窗口,3,功能测试,系统测试阶段
/学员管理(#13),验证所有参数正确，是否可以录入,"1.系统、浏览器运行正常
2.使用管理员账号成功登录woniuboss4.0
3.解密
4.点击进入【学员管理】模块

","1.选择【阶段考评】子模块
2.所有参数默认点击【搜索】
3.在信息列表随机选择一条信息，点击【录入】
4.所有参数填写正确点击【保存】
",1.录入成功，且该条信息更新记录,3,功能测试,系统测试阶段
/学员管理(#13),验证成绩输入框输入特殊字符是否录入成功,"1.系统、浏览器运行正常
2.使用管理员账号成功登录woniuboss4.0
3.解密
4.点击进入【学员管理】模块

","1.选择【阶段考评】子模块
2.所有参数默认点击【搜索】
3.在信息列表随机选择一条信息，点击【录入】
4.成绩输入框输入‘8@’，其他参数选择正确
",1.弹出‘录入失败’提示信息,3,功能测试,系统测试阶段
/学员管理(#13),验证成绩输入框输入空格是否录入成功,"1.系统、浏览器运行正常
2.使用管理员账号成功登录woniuboss4.0
3.解密
4.点击进入【学员管理】模块

","1.选择【阶段考评】子模块
2.所有参数默认点击【搜索】
3.在信息列表随机选择一条信息，点击【录入】
4.成绩输入框输入‘8 8’，其他参数选择正确
",1.弹出‘录入失败’提示信息,3,功能测试,系统测试阶段
/学员管理(#13),验证评语输入框输入特殊字符是否录入成功,"1.系统、浏览器运行正常
2.使用管理员账号成功登录woniuboss4.0
3.解密
4.点击进入【学员管理】模块

","1.选择【阶段考评】子模块
2.所有参数默认点击【搜索】
3.在信息列表随机选择一条信息，点击【录入】
4.评语输入框输入‘优秀@’，其他参数选择正确
",1.弹出‘录入失败’提示信息,3,功能测试,系统测试阶段
/学员管理(#13),验证评语输入框输入空格是否录入成功,"1.系统、浏览器运行正常
2.使用管理员账号成功登录woniuboss4.0
3.解密
4.点击进入【学员管理】模块

","1.选择【阶段考评】子模块
2.所有参数默认点击【搜索】
3.在信息列表随机选择一条信息，点击【录入】
4.评语输入框输入‘优 秀’，其他参数选择正确
",1.弹出‘录入失败’提示信息,3,功能测试,系统测试阶段
/学员管理(#13),验证默认模式的查询，是否会显示正确信息,"1.系统、浏览器运行正常
2.使用管理员账号成功登录woniuboss4.0
3.解密
4.点击进入【学员管理】模块

","1.选择【综合成绩】子模块
2.所有参数默认点击【搜索】
",1.成绩列表显示相应的信息,3,功能测试,系统测试阶段
/学员管理(#13),验证只选择区域的查询，是否会显示正确信息,"1.系统、浏览器运行正常
2.使用管理员账号成功登录woniuboss4.0
3.解密
4.点击进入【学员管理】模块

","1.选择【综合成绩】子模块
2.区域选择‘成都’，其他参数默认，点击【搜索】
",1.成绩列表显示相应的信息,3,功能测试,系统测试阶段
/学员管理(#13),验证只选择班级的查询，是否会显示正确信息,"1.系统、浏览器运行正常
2.使用管理员账号成功登录woniuboss4.0
3.解密
4.点击进入【学员管理】模块

","1.选择【综合成绩】子模块
2.班级选择‘WNCDC002’，其他参数默认，点击【搜索】
",1.成绩列表显示相应的信息,3,功能测试,系统测试阶段
/学员管理(#13),验证只选择方向的查询，是否会显示正确信息,"1.系统、浏览器运行正常
2.使用管理员账号成功登录woniuboss4.0
3.解密
4.点击进入【学员管理】模块

","1.选择【综合成绩】子模块
2.方向选择‘开发’，其他参数默认，点击【搜索】
",1.成绩列表显示相应的信息,3,功能测试,系统测试阶段
/学员管理(#13),验证只选择阶段的查询，是否会显示正确信息,"1.系统、浏览器运行正常
2.使用管理员账号成功登录woniuboss4.0
3.解密
4.点击进入【学员管理】模块

","1.选择【综合成绩】子模块
2.阶段选择‘第一阶段’，其他参数默认，点击【搜索】
",1.成绩列表显示相应的信息,3,功能测试,系统测试阶段
/学员管理(#13),验证搜索输入框输入正确的参数，其他默认的查询，是否会显示正确信息,"1.系统、浏览器运行正常
2.使用管理员账号成功登录woniuboss4.0
3.解密
4.点击进入【学员管理】模块

","1.选择【综合成绩】子模块
2.姓名输入框输入‘刘倩’，其他参数默认，点击【搜索】
",1.显示刘倩的成绩信息,3,功能测试,系统测试阶段
/学员管理(#13),验证搜索输入框输入不合法的参数，其他默认的查询，是否会显示正确信息,"1.系统、浏览器运行正常
2.使用管理员账号成功登录woniuboss4.0
3.解密
4.点击进入【学员管理】模块

","1.选择【综合】子模块
2.姓名输入框输入‘刘倩@’，其他参数默认，点击【搜索】
",1.提示‘无符合条件的记录’,3,功能测试,系统测试阶段
/学员管理(#13),验证【数据导出】按钮是否可用,"1.系统、浏览器运行正常
2.使用管理员账号成功登录woniuboss4.0
3.解密
4.点击进入【学员管理】模块

","1.选择【综合成绩】子模块
2.点击【数据导出】
",1.弹出保存文件窗口,3,功能测试,系统测试阶段
/学员管理(#13),验证【数据导出】是否可以保存文件,"1.系统、浏览器运行正常
2.使用管理员账号成功登录woniuboss4.0
3.解密
4.点击进入【学员管理】模块

","1.选择【综合成绩】子模块
2.点击【数据导出】
3.点击‘保存文件’按钮
",1.文件下载保存至本地,3,功能测试,系统测试阶段
/学员管理(#13),验证【数据导出】文件是否可以在线打开,"1.系统、浏览器运行正常
2.使用管理员账号成功登录woniuboss4.0
3.解密
4.点击进入【学员管理】模块

","1.选择【综合成绩】子模块
2.点击【数据导出】
3.点击‘打开’按钮
",1.可以在线打开文件,3,功能测试,系统测试阶段
